{
  "errors": [],
  "intro": {
    "sampleCount": 8,
    "xSignChanges": 0,
    "ySignChanges": 0,
    "zSignChanges": 0,
    "first": {
      "x": 193.351589,
      "y": 10368.400917,
      "z": 465.936456,
      "qx": -0.6456915333810815,
      "qy": 0.23647602125426642,
      "qz": 0.22933262090841114,
      "qw": 0.6888890215985579
    },
    "last": {
      "x": 162.776225,
      "y": 7463.741369,
      "z": 1688.951003,
      "qx": -0.6191872339538101,
      "qy": 0.051757276720013096,
      "qz": 0.044088639332621124,
      "qw": 0.782294411009663
    }
  },
  "tabToggle": {
    "before": {
      "hudMode": false,
      "pointerLocked": false
    },
    "on": {
      "hudMode": true,
      "pointerLocked": false
    },
    "off": {
      "hudMode": false,
      "pointerLocked": true
    }
  },
  "pause": {
    "openState": true,
    "domOpen": true,
    "closedState": false,
    "cameraDriftWhilePaused": {
      "dx": 0,
      "dy": 0,
      "dz": 0,
      "angle": 0
    }
  },
  "jerkProbe": {
    "angleRad": 0,
    "angleDeg": 0
  }
}