{
  "result": {
    "ok": true,
    "before": {
      "pointPosition": [
        900,
        1900,
        2900
      ],
      "anchorTarget": [
        1000,
        2000,
        3000
      ],
      "dockingPoint": [
        1100,
        2100,
        3100
      ],
      "localSample": [
        21.069852828979492,
        -9.95503044128418,
        4.655080318450928,
        21.777450561523438,
        -8.891712188720703,
        5.483936786651611
      ]
    },
    "after": {
      "cameraRig": [
        0,
        0,
        0
      ],
      "pointPosition": [
        161.11903752998953,
        -13.721936484367575,
        773.2065548150503
      ],
      "anchorTarget": [
        -13.162023050688248,
        -723.9112677878543,
        -13.162023050688447
      ],
      "dockingPoint": [
        -13.162023050688248,
        -723.9112677878543,
        -13.162023050688447
      ],
      "localSample": [
        19.18125343322754,
        -11.526713371276855,
        3.6152307987213135,
        19.869970321655273,
        -10.444666862487793,
        4.430635929107666
      ],
      "totalShift": [
        400,
        500,
        600
      ],
      "projectorState": {
        "active": true,
        "phase": "DOCKING",
        "host": "Planet_Hologram"
      }
    },
    "expectations": {
      "pointPositionShifted": false,
      "anchorShifted": false,
      "dockingShifted": false,
      "localArrayStable": false,
      "rigRecentered": true
    }
  },
  "errors": []
}