{
  "errors": [],
  "menuLate": [
    {
      "rig": {
        "x": 160.02688,
        "y": 7202.5536,
        "z": 1798.9248
      },
      "cam": {
        "x": 160.02688,
        "y": 7202.5536,
        "z": 1798.9248,
        "fov": 42
      }
    },
    {
      "rig": {
        "x": 160.02292,
        "y": 7202.1774000000005,
        "z": 1799.0832
      },
      "cam": {
        "x": 160.02292,
        "y": 7202.1774000000005,
        "z": 1799.0832,
        "fov": 42
      }
    },
    {
      "rig": {
        "x": 160.01952,
        "y": 7201.8544,
        "z": 1799.2192
      },
      "cam": {
        "x": 160.01952,
        "y": 7201.8544,
        "z": 1799.2192,
        "fov": 42
      }
    },
    {
      "rig": {
        "x": 160.01656,
        "y": 7201.573200000001,
        "z": 1799.3376
      },
      "cam": {
        "x": 160.01656,
        "y": 7201.573200000001,
        "z": 1799.3376,
        "fov": 42
      }
    }
  ],
  "focusContract": {
    "ok": true,
    "selected": "MegaSun",
    "focusTarget": null,
    "navState": "WARP",
    "pawnMode": "none",
    "pawnMatchesFocus": true,
    "contract": null,
    "manipulable": false,
    "sandboxReady": false,
    "driveCamera": false
  }
}