{
  "result": {
    "ok": true,
    "before": {
      "pointPosition": [
        900,
        1900,
        2900
      ],
      "anchorTarget": [
        1000,
        2000,
        3000
      ],
      "dockingPoint": [
        1100,
        2100,
        3100
      ],
      "localSample": [
        16,
        -9.899999618530273,
        0,
        16.69982147216797,
        -8.800000190734863,
        0.8212128281593323
      ]
    },
    "after": {
      "cameraRig": [
        0,
        0,
        0
      ],
      "pointPosition": [
        500,
        1400,
        2300
      ],
      "anchorTarget": [
        600,
        1500,
        2400
      ],
      "dockingPoint": [
        700,
        1600,
        2500
      ],
      "localSample": [
        16,
        -9.899999618530273,
        0,
        16.69982147216797,
        -8.800000190734863,
        0.8212128281593323
      ],
      "totalShift": [
        400,
        500,
        600
      ]
    },
    "expectations": {
      "pointPositionShifted": true,
      "anchorShifted": true,
      "dockingShifted": true,
      "localArrayStable": true,
      "rigRecentered": true
    }
  },
  "errors": []
}