{
  "before": {
    "transform": "matrix(1, 0, 0, 1, 0, 0)",
    "cursor": {
      "x": -0.000012512207031245559,
      "y": -0.110260009765625
    },
    "pointerLocked": false,
    "hudMode": true
  },
  "after": {
    "transform": "matrix3d(0.999467, 0.00100222, 0.0326165, 0, 0, 0.999528, -0.030713, 0, -0.0326319, 0.0306966, 0.998996, 0, 0, 0, 0, 1)",
    "cursor": {
      "x": 0.36238494873046867,
      "y": -0.7182111816406249
    },
    "pointerLocked": false,
    "hudMode": true
  }
}