{
  "afterLogin": {
    "menuVisible": true,
    "navState": "FREE_FLIGHT",
    "hudMode": false,
    "pointerLocked": false,
    "dockOpacity": "0",
    "windowCount": 0
  },
  "hudModeState": {
    "hudMode": true,
    "pointerLocked": false,
    "dockOpacity": "0"
  },
  "poseBeforeDrag": {
    "pos": {
      "x": 520,
      "y": 10800,
      "z": 4600
    },
    "quat": {
      "x": -0.5495956420716009,
      "y": 0.04696327740932197,
      "z": 0.03096548987650796,
      "w": 0.8335347738562487
    },
    "windowCount": 1
  },
  "poseAfterDrag": {
    "pos": {
      "x": 520,
      "y": 10800,
      "z": 4600
    },
    "quat": {
      "x": -0.5495956420716009,
      "y": 0.04696327740932197,
      "z": 0.03096548987650796,
      "w": 0.8335347738562487
    },
    "terminalRect": {
      "x": 636,
      "y": 333.0780334472656,
      "width": 609.750244140625,
      "height": 494.8861999511719,
      "top": 333.0780334472656,
      "right": 1245.750244140625,
      "bottom": 827.9642333984375,
      "left": 636
    }
  },
  "targetPoint": {
    "x": 731.7029038543648,
    "y": 481.2159413091963,
    "inView": true,
    "name": "Planet_Terminal"
  },
  "focusAfterSingle": {
    "focusTarget": null,
    "windowCount": 1,
    "activeTarget": null
  },
  "stateAfterDouble": null,
  "afterSpaceRelease": {
    "hudMode": false,
    "pointerLocked": true,
    "dockOpacity": "1"
  },
  "errors": []
}